"Feature ID","Primary Epic","Feature","Priority","Horizon","Dependency","Coverage per source matrix","Source evidence anchors","Evidence granularity / limitation","Production or human validation status"
"FEAT-001","EPIC-01","Create athlete profile","P0","MVP","—","INTEGRATED","KAIZO-75-FEATURE-QUALITY-CLOSURE-MATRIX-V1.md","Range-level statement only; individual feature-specific evidence link not listed in matrix","NOT ESTABLISHED BY THIS MATRIX; verify separately"
"FEAT-002","EPIC-01","Athlete roster and search","P0","MVP","FEAT-001","INTEGRATED","KAIZO-75-FEATURE-QUALITY-CLOSURE-MATRIX-V1.md","Range-level statement only; individual feature-specific evidence link not listed in matrix","NOT ESTABLISHED BY THIS MATRIX; verify separately"
"FEAT-003","EPIC-01","Training group assignment","P0","MVP","FEAT-001","INTEGRATED","KAIZO-75-FEATURE-QUALITY-CLOSURE-MATRIX-V1.md","Range-level statement only; individual feature-specific evidence link not listed in matrix","NOT ESTABLISHED BY THIS MATRIX; verify separately"
"FEAT-004","EPIC-01","Athlete status/lifecycle","P0","MVP","FEAT-001","INTEGRATED","KAIZO-75-FEATURE-QUALITY-CLOSURE-MATRIX-V1.md","Range-level statement only; individual feature-specific evidence link not listed in matrix","NOT ESTABLISHED BY THIS MATRIX; verify separately"
"FEAT-005","EPIC-01","Athlete-to-decision-cycle history link","P0","MVP","FEAT-001, FEAT-032","INTEGRATED","KAIZO-75-FEATURE-QUALITY-CLOSURE-MATRIX-V1.md","Range-level statement only; individual feature-specific evidence link not listed in matrix","NOT ESTABLISHED BY THIS MATRIX; verify separately"
"FEAT-006","EPIC-02","Coach home dashboard","P0","MVP","FEAT-001","INTEGRATED","KAIZO-75-FEATURE-QUALITY-CLOSURE-MATRIX-V1.md","Range-level statement only; individual feature-specific evidence link not listed in matrix","NOT ESTABLISHED BY THIS MATRIX; verify separately"
"FEAT-007","EPIC-02","Today/current-priority queue","P0","MVP","FEAT-006","INTEGRATED","KAIZO-75-FEATURE-QUALITY-CLOSURE-MATRIX-V1.md","Range-level statement only; individual feature-specific evidence link not listed in matrix","NOT ESTABLISHED BY THIS MATRIX; verify separately"
"FEAT-008","EPIC-02","Athlete workflow navigation","P0","MVP","FEAT-002","INTEGRATED","KAIZO-75-FEATURE-QUALITY-CLOSURE-MATRIX-V1.md","Range-level statement only; individual feature-specific evidence link not listed in matrix","NOT ESTABLISHED BY THIS MATRIX; verify separately"
"FEAT-009","EPIC-02","Decision-cycle workspace","P0","MVP","FEAT-008, FEAT-014","INTEGRATED","KAIZO-75-FEATURE-QUALITY-CLOSURE-MATRIX-V1.md","Range-level statement only; individual feature-specific evidence link not listed in matrix","NOT ESTABLISHED BY THIS MATRIX; verify separately"
"FEAT-010","EPIC-02","Coach action history","P0","MVP","FEAT-009, FEAT-044","INTEGRATED","KAIZO-75-FEATURE-QUALITY-CLOSURE-MATRIX-V1.md","Range-level statement only; individual feature-specific evidence link not listed in matrix","NOT ESTABLISHED BY THIS MATRIX; verify separately"
"FEAT-011","EPIC-03","Assessment template builder","P0","MVP","—","INTEGRATED","KAIZO-75-FEATURE-QUALITY-CLOSURE-MATRIX-V1.md","Range-level statement only; individual feature-specific evidence link not listed in matrix","NOT ESTABLISHED BY THIS MATRIX; verify separately"
"FEAT-012","EPIC-03","Record athlete assessment","P0","MVP","FEAT-001, FEAT-011","INTEGRATED","KAIZO-75-FEATURE-QUALITY-CLOSURE-MATRIX-V1.md","Range-level statement only; individual feature-specific evidence link not listed in matrix","NOT ESTABLISHED BY THIS MATRIX; verify separately"
"FEAT-013","EPIC-03","KPI definition and capture","P0","MVP","FEAT-011","INTEGRATED","KAIZO-75-FEATURE-QUALITY-CLOSURE-MATRIX-V1.md","Range-level statement only; individual feature-specific evidence link not listed in matrix","NOT ESTABLISHED BY THIS MATRIX; verify separately"
"FEAT-014","EPIC-03","Assessment evidence attachment","P0","MVP","FEAT-012, FEAT-047","INTEGRATED","KAIZO-75-FEATURE-QUALITY-CLOSURE-MATRIX-V1.md","Range-level statement only; individual feature-specific evidence link not listed in matrix","NOT ESTABLISHED BY THIS MATRIX; verify separately"
"FEAT-015","EPIC-03","Baseline/current-state snapshot","P0","MVP","FEAT-012, FEAT-013","INTEGRATED","KAIZO-75-FEATURE-QUALITY-CLOSURE-MATRIX-V1.md","Range-level statement only; individual feature-specific evidence link not listed in matrix","NOT ESTABLISHED BY THIS MATRIX; verify separately"
"FEAT-016","EPIC-04","Structured problem statement","P0","MVP","FEAT-012","INTEGRATED","KAIZO-75-FEATURE-QUALITY-CLOSURE-MATRIX-V1.md","Range-level statement only; individual feature-specific evidence link not listed in matrix","NOT ESTABLISHED BY THIS MATRIX; verify separately"
"FEAT-017","EPIC-04","Problem library selection","P0","MVP","FEAT-016","INTEGRATED","KAIZO-75-FEATURE-QUALITY-CLOSURE-MATRIX-V1.md","Range-level statement only; individual feature-specific evidence link not listed in matrix","NOT ESTABLISHED BY THIS MATRIX; verify separately"
"FEAT-018","EPIC-04","Cause/context framing","P0","MVP","FEAT-016","INTEGRATED","KAIZO-75-FEATURE-QUALITY-CLOSURE-MATRIX-V1.md","Range-level statement only; individual feature-specific evidence link not listed in matrix","NOT ESTABLISHED BY THIS MATRIX; verify separately"
"FEAT-019","EPIC-04","Evidence-linked diagnosis","P0","MVP","FEAT-014, FEAT-016","INTEGRATED","KAIZO-75-FEATURE-QUALITY-CLOSURE-MATRIX-V1.md","Range-level statement only; individual feature-specific evidence link not listed in matrix","NOT ESTABLISHED BY THIS MATRIX; verify separately"
"FEAT-020","EPIC-04","Diagnosis confidence/unresolved state","P0","MVP","FEAT-019","INTEGRATED","KAIZO-75-FEATURE-QUALITY-CLOSURE-MATRIX-V1.md","Range-level statement only; individual feature-specific evidence link not listed in matrix","NOT ESTABLISHED BY THIS MATRIX; verify separately"
"FEAT-021","EPIC-05","Decision candidate generation","P0","MVP","FEAT-019, FEAT-052","INTEGRATED","KAIZO-75-FEATURE-QUALITY-CLOSURE-MATRIX-V1.md","Range-level statement only; individual feature-specific evidence link not listed in matrix","NOT ESTABLISHED BY THIS MATRIX; verify separately"
"FEAT-022","EPIC-05","Decision rationale and evidence","P0","MVP","FEAT-021, FEAT-047","INTEGRATED","KAIZO-75-FEATURE-QUALITY-CLOSURE-MATRIX-V1.md","Range-level statement only; individual feature-specific evidence link not listed in matrix","NOT ESTABLISHED BY THIS MATRIX; verify separately"
"FEAT-023","EPIC-05","Alternative decision comparison","P0","MVP","FEAT-021","INTEGRATED","KAIZO-75-FEATURE-QUALITY-CLOSURE-MATRIX-V1.md","Range-level statement only; individual feature-specific evidence link not listed in matrix","NOT ESTABLISHED BY THIS MATRIX; verify separately"
"FEAT-024","EPIC-05","Coach confirm/override","P0","MVP","FEAT-021","INTEGRATED","KAIZO-75-FEATURE-QUALITY-CLOSURE-MATRIX-V1.md","Range-level statement only; individual feature-specific evidence link not listed in matrix","NOT ESTABLISHED BY THIS MATRIX; verify separately"
"FEAT-025","EPIC-05","Decision record and outcome intent","P0","MVP","FEAT-024, FEAT-044","INTEGRATED","KAIZO-75-FEATURE-QUALITY-CLOSURE-MATRIX-V1.md","Range-level statement only; individual feature-specific evidence link not listed in matrix","NOT ESTABLISHED BY THIS MATRIX; verify separately"
"FEAT-026","EPIC-06","Training-plan builder","P0","MVP","FEAT-025","INTEGRATED","KAIZO-75-FEATURE-QUALITY-CLOSURE-MATRIX-V1.md","Range-level statement only; individual feature-specific evidence link not listed in matrix","NOT ESTABLISHED BY THIS MATRIX; verify separately"
"FEAT-027","EPIC-06","Session structure and timing","P0","MVP","FEAT-026","INTEGRATED","KAIZO-75-FEATURE-QUALITY-CLOSURE-MATRIX-V1.md","Range-level statement only; individual feature-specific evidence link not listed in matrix","NOT ESTABLISHED BY THIS MATRIX; verify separately"
"FEAT-028","EPIC-06","Dosage/reps/sets prescription","P0","MVP","FEAT-026","INTEGRATED","KAIZO-75-FEATURE-QUALITY-CLOSURE-MATRIX-V1.md","Range-level statement only; individual feature-specific evidence link not listed in matrix","NOT ESTABLISHED BY THIS MATRIX; verify separately"
"FEAT-029","EPIC-06","Progression/regression rules","P0","MVP","FEAT-026","RUNTIME-CONTRACT","KAIZO-75-FEATURE-QUALITY-CLOSURE-MATRIX-V1.md; backend/feature_runtime.py; backend/test_feature_runtime.py","Range-level statement only; individual test-to-feature mapping not listed in matrix","NOT ESTABLISHED BY THIS MATRIX; verify separately"
"FEAT-030","EPIC-06","Session constraints and notes","P0","MVP","FEAT-026","RUNTIME-CONTRACT","KAIZO-75-FEATURE-QUALITY-CLOSURE-MATRIX-V1.md; backend/feature_runtime.py; backend/test_feature_runtime.py","Range-level statement only; individual test-to-feature mapping not listed in matrix","NOT ESTABLISHED BY THIS MATRIX; verify separately"
"FEAT-031","EPIC-07","Drill library","P0","MVP","FEAT-052","RUNTIME-CONTRACT","KAIZO-75-FEATURE-QUALITY-CLOSURE-MATRIX-V1.md; backend/feature_runtime.py; backend/test_feature_runtime.py","Range-level statement only; individual test-to-feature mapping not listed in matrix","NOT ESTABLISHED BY THIS MATRIX; verify separately"
"FEAT-032","EPIC-07","Problem-to-drill linkage","P0","MVP","FEAT-016, FEAT-031","RUNTIME-CONTRACT","KAIZO-75-FEATURE-QUALITY-CLOSURE-MATRIX-V1.md; backend/feature_runtime.py; backend/test_feature_runtime.py","Range-level statement only; individual test-to-feature mapping not listed in matrix","NOT ESTABLISHED BY THIS MATRIX; verify separately"
"FEAT-033","EPIC-07","Decision-to-drill selection","P0","MVP","FEAT-025, FEAT-032","RUNTIME-CONTRACT","KAIZO-75-FEATURE-QUALITY-CLOSURE-MATRIX-V1.md; backend/feature_runtime.py; backend/test_feature_runtime.py","Range-level statement only; individual test-to-feature mapping not listed in matrix","NOT ESTABLISHED BY THIS MATRIX; verify separately"
"FEAT-034","EPIC-07","Drill prescription","P0","MVP","FEAT-033","RUNTIME-CONTRACT","KAIZO-75-FEATURE-QUALITY-CLOSURE-MATRIX-V1.md; backend/feature_runtime.py; backend/test_feature_runtime.py","Range-level statement only; individual test-to-feature mapping not listed in matrix","NOT ESTABLISHED BY THIS MATRIX; verify separately"
"FEAT-035","EPIC-07","Execution cues and checklist","P0","MVP","FEAT-034","RUNTIME-CONTRACT","KAIZO-75-FEATURE-QUALITY-CLOSURE-MATRIX-V1.md; backend/feature_runtime.py; backend/test_feature_runtime.py","Range-level statement only; individual test-to-feature mapping not listed in matrix","NOT ESTABLISHED BY THIS MATRIX; verify separately"
"FEAT-036","EPIC-08","Training response capture","P0","MVP","FEAT-027, FEAT-034","RUNTIME-CONTRACT","KAIZO-75-FEATURE-QUALITY-CLOSURE-MATRIX-V1.md; backend/feature_runtime.py; backend/test_feature_runtime.py","Range-level statement only; individual test-to-feature mapping not listed in matrix","NOT ESTABLISHED BY THIS MATRIX; verify separately"
"FEAT-037","EPIC-08","Retest capture","P0","MVP","FEAT-015, FEAT-036","RUNTIME-CONTRACT","KAIZO-75-FEATURE-QUALITY-CLOSURE-MATRIX-V1.md; backend/feature_runtime.py; backend/test_feature_runtime.py","Range-level statement only; individual test-to-feature mapping not listed in matrix","NOT ESTABLISHED BY THIS MATRIX; verify separately"
"FEAT-038","EPIC-08","Before/after comparison","P0","MVP","FEAT-037","RUNTIME-CONTRACT","KAIZO-75-FEATURE-QUALITY-CLOSURE-MATRIX-V1.md; backend/feature_runtime.py; backend/test_feature_runtime.py","Range-level statement only; individual test-to-feature mapping not listed in matrix","NOT ESTABLISHED BY THIS MATRIX; verify separately"
"FEAT-039","EPIC-08","Progress state update","P0","MVP","FEAT-038","RUNTIME-CONTRACT","KAIZO-75-FEATURE-QUALITY-CLOSURE-MATRIX-V1.md; backend/feature_runtime.py; backend/test_feature_runtime.py","Range-level statement only; individual test-to-feature mapping not listed in matrix","NOT ESTABLISHED BY THIS MATRIX; verify separately"
"FEAT-040","EPIC-08","Next-decision trigger","P0","MVP","FEAT-039, FEAT-052","RUNTIME-CONTRACT","KAIZO-75-FEATURE-QUALITY-CLOSURE-MATRIX-V1.md; backend/feature_runtime.py; backend/test_feature_runtime.py","Range-level statement only; individual test-to-feature mapping not listed in matrix","NOT ESTABLISHED BY THIS MATRIX; verify separately"
"FEAT-041","EPIC-09","Athlete longitudinal state model","P0","MVP Platform","FEAT-001","INTEGRATED","KAIZO-75-FEATURE-QUALITY-CLOSURE-MATRIX-V1.md","Range-level statement only; individual feature-specific evidence link not listed in matrix","NOT ESTABLISHED BY THIS MATRIX; verify separately"
"FEAT-042","EPIC-09","Digital Twin state update","P0","MVP Platform","FEAT-039","RUNTIME-CONTRACT","KAIZO-75-FEATURE-QUALITY-CLOSURE-MATRIX-V1.md; backend/feature_runtime.py; backend/test_feature_runtime.py","Range-level statement only; individual test-to-feature mapping not listed in matrix","NOT ESTABLISHED BY THIS MATRIX; verify separately"
"FEAT-043","EPIC-09","State version/history","P0","MVP Platform","FEAT-042","RUNTIME-CONTRACT","KAIZO-75-FEATURE-QUALITY-CLOSURE-MATRIX-V1.md; backend/feature_runtime.py; backend/test_feature_runtime.py","Range-level statement only; individual test-to-feature mapping not listed in matrix","NOT ESTABLISHED BY THIS MATRIX; verify separately"
"FEAT-044","EPIC-09","Decision-cycle state linkage","P0","MVP Platform","FEAT-025, FEAT-042","RUNTIME-CONTRACT","KAIZO-75-FEATURE-QUALITY-CLOSURE-MATRIX-V1.md; backend/feature_runtime.py; backend/test_feature_runtime.py","Range-level statement only; individual test-to-feature mapping not listed in matrix","NOT ESTABLISHED BY THIS MATRIX; verify separately"
"FEAT-045","EPIC-09","Next-state retrieval for decision","P0","MVP Platform","FEAT-043, FEAT-044","RUNTIME-CONTRACT","KAIZO-75-FEATURE-QUALITY-CLOSURE-MATRIX-V1.md; backend/feature_runtime.py; backend/test_feature_runtime.py","Range-level statement only; individual test-to-feature mapping not listed in matrix","NOT ESTABLISHED BY THIS MATRIX; verify separately"
"FEAT-046","EPIC-10","Governed knowledge record","P0","MVP Platform","—","INTEGRATED","KAIZO-75-FEATURE-QUALITY-CLOSURE-MATRIX-V1.md","Range-level statement only; individual feature-specific evidence link not listed in matrix","NOT ESTABLISHED BY THIS MATRIX; verify separately"
"FEAT-047","EPIC-10","Source/provenance linkage","P0","MVP Platform","FEAT-046","RUNTIME-CONTRACT","KAIZO-75-FEATURE-QUALITY-CLOSURE-MATRIX-V1.md; backend/feature_runtime.py; backend/test_feature_runtime.py","Range-level statement only; individual test-to-feature mapping not listed in matrix","NOT ESTABLISHED BY THIS MATRIX; verify separately"
"FEAT-048","EPIC-10","Knowledge lifecycle/status","P0","MVP Platform","FEAT-046","RUNTIME-CONTRACT","KAIZO-75-FEATURE-QUALITY-CLOSURE-MATRIX-V1.md; backend/feature_runtime.py; backend/test_feature_runtime.py","Range-level statement only; individual test-to-feature mapping not listed in matrix","NOT ESTABLISHED BY THIS MATRIX; verify separately"
"FEAT-049","EPIC-10","Knowledge retrieval for workflow","P0","MVP Platform","FEAT-046, FEAT-048","RUNTIME-CONTRACT","KAIZO-75-FEATURE-QUALITY-CLOSURE-MATRIX-V1.md; backend/feature_runtime.py; backend/test_feature_runtime.py","Range-level statement only; individual test-to-feature mapping not listed in matrix","NOT ESTABLISHED BY THIS MATRIX; verify separately"
"FEAT-050","EPIC-10","Reusable knowledge unit linkage","P0","MVP Platform","FEAT-049","RUNTIME-CONTRACT","KAIZO-75-FEATURE-QUALITY-CLOSURE-MATRIX-V1.md; backend/feature_runtime.py; backend/test_feature_runtime.py","Range-level statement only; individual test-to-feature mapping not listed in matrix","NOT ESTABLISHED BY THIS MATRIX; verify separately"
"FEAT-051","EPIC-11","Audit event capture","P0","MVP Platform","—","INTEGRATED","KAIZO-75-FEATURE-QUALITY-CLOSURE-MATRIX-V1.md","Range-level statement only; individual feature-specific evidence link not listed in matrix","NOT ESTABLISHED BY THIS MATRIX; verify separately"
"FEAT-052","EPIC-11","Actor/action/time trace","P0","MVP Platform","FEAT-051","RUNTIME-CONTRACT","KAIZO-75-FEATURE-QUALITY-CLOSURE-MATRIX-V1.md; backend/feature_runtime.py; backend/test_feature_runtime.py","Range-level statement only; individual test-to-feature mapping not listed in matrix","NOT ESTABLISHED BY THIS MATRIX; verify separately"
"FEAT-053","EPIC-11","Governance metadata","P0","MVP Platform","FEAT-051","RUNTIME-CONTRACT","KAIZO-75-FEATURE-QUALITY-CLOSURE-MATRIX-V1.md; backend/feature_runtime.py; backend/test_feature_runtime.py","Range-level statement only; individual test-to-feature mapping not listed in matrix","NOT ESTABLISHED BY THIS MATRIX; verify separately"
"FEAT-054","EPIC-11","Audit query/review","P0","MVP Platform","FEAT-051","RUNTIME-CONTRACT","KAIZO-75-FEATURE-QUALITY-CLOSURE-MATRIX-V1.md; backend/feature_runtime.py; backend/test_feature_runtime.py","Range-level statement only; individual test-to-feature mapping not listed in matrix","NOT ESTABLISHED BY THIS MATRIX; verify separately"
"FEAT-055","EPIC-11","Product action traceability","P0","MVP Platform","FEAT-052","RUNTIME-CONTRACT","KAIZO-75-FEATURE-QUALITY-CLOSURE-MATRIX-V1.md; backend/feature_runtime.py; backend/test_feature_runtime.py","Range-level statement only; individual test-to-feature mapping not listed in matrix","NOT ESTABLISHED BY THIS MATRIX; verify separately"
"FEAT-056","EPIC-12","Safety constraint evaluation","P0","MVP Platform","FEAT-019","INTEGRATED","KAIZO-75-FEATURE-QUALITY-CLOSURE-MATRIX-V1.md","Range-level statement only; individual feature-specific evidence link not listed in matrix","NOT ESTABLISHED BY THIS MATRIX; verify separately"
"FEAT-057","EPIC-12","Evidence-quality state","P0","MVP Platform","FEAT-047","RUNTIME-CONTRACT","KAIZO-75-FEATURE-QUALITY-CLOSURE-MATRIX-V1.md; backend/feature_runtime.py; backend/test_feature_runtime.py","Range-level statement only; individual test-to-feature mapping not listed in matrix","NOT ESTABLISHED BY THIS MATRIX; verify separately"
"FEAT-058","EPIC-12","Provenance visibility","P0","MVP Platform","FEAT-047","RUNTIME-CONTRACT","KAIZO-75-FEATURE-QUALITY-CLOSURE-MATRIX-V1.md; backend/feature_runtime.py; backend/test_feature_runtime.py","Range-level statement only; individual test-to-feature mapping not listed in matrix","NOT ESTABLISHED BY THIS MATRIX; verify separately"
"FEAT-059","EPIC-12","Unsafe/unsupported action block","P0","MVP Platform","FEAT-056, FEAT-057","RUNTIME-CONTRACT","KAIZO-75-FEATURE-QUALITY-CLOSURE-MATRIX-V1.md; backend/feature_runtime.py; backend/test_feature_runtime.py","Range-level statement only; individual test-to-feature mapping not listed in matrix","NOT ESTABLISHED BY THIS MATRIX; verify separately"
"FEAT-060","EPIC-12","Escalation and review state","P0","MVP Platform","FEAT-059, FEAT-054","RUNTIME-CONTRACT","KAIZO-75-FEATURE-QUALITY-CLOSURE-MATRIX-V1.md; backend/feature_runtime.py; backend/test_feature_runtime.py","Range-level statement only; individual test-to-feature mapping not listed in matrix","NOT ESTABLISHED BY THIS MATRIX; verify separately"
"FEAT-061","EPIC-13","Academy entity","P1","NEXT","FEAT-001","RUNTIME-CONTRACT","KAIZO-75-FEATURE-QUALITY-CLOSURE-MATRIX-V1.md; backend/feature_runtime.py; backend/test_feature_runtime.py","Academy foundation; range-level statement only; no individual acceptance evidence mapped","NOT ESTABLISHED BY THIS MATRIX; verify separately"
"FEAT-062","EPIC-13","Coach membership and roles","P1","NEXT","FEAT-061","RUNTIME-CONTRACT","KAIZO-75-FEATURE-QUALITY-CLOSURE-MATRIX-V1.md; backend/feature_runtime.py; backend/test_feature_runtime.py","Academy foundation; range-level statement only; no individual acceptance evidence mapped","NOT ESTABLISHED BY THIS MATRIX; verify separately"
"FEAT-063","EPIC-13","Academy groups","P1","NEXT","FEAT-061, FEAT-062","RUNTIME-CONTRACT","KAIZO-75-FEATURE-QUALITY-CLOSURE-MATRIX-V1.md; backend/feature_runtime.py; backend/test_feature_runtime.py","Academy foundation; range-level statement only; no individual acceptance evidence mapped","NOT ESTABLISHED BY THIS MATRIX; verify separately"
"FEAT-064","EPIC-13","Multi-coach athlete assignment","P1","NEXT","FEAT-062, FEAT-063","RUNTIME-CONTRACT","KAIZO-75-FEATURE-QUALITY-CLOSURE-MATRIX-V1.md; backend/feature_runtime.py; backend/test_feature_runtime.py","Academy foundation; range-level statement only; no individual acceptance evidence mapped","NOT ESTABLISHED BY THIS MATRIX; verify separately"
"FEAT-065","EPIC-13","Academy operational dashboard","P1","NEXT","FEAT-063, FEAT-064","RUNTIME-CONTRACT","KAIZO-75-FEATURE-QUALITY-CLOSURE-MATRIX-V1.md; backend/feature_runtime.py; backend/test_feature_runtime.py","Academy foundation; range-level statement only; no individual acceptance evidence mapped","NOT ESTABLISHED BY THIS MATRIX; verify separately"
"FEAT-066","EPIC-14","Competition event context","P2","LATER","FEAT-039","RUNTIME-CONTRACT","KAIZO-75-FEATURE-QUALITY-CLOSURE-MATRIX-V1.md; backend/feature_runtime.py; backend/test_feature_runtime.py","Competition foundation; range-level statement only; no competition-specific empirical evidence claimed","NOT ESTABLISHED BY THIS MATRIX; verify separately"
"FEAT-067","EPIC-14","Competition readiness indicators","P2","LATER","FEAT-066, FEAT-039","RUNTIME-CONTRACT","KAIZO-75-FEATURE-QUALITY-CLOSURE-MATRIX-V1.md; backend/feature_runtime.py; backend/test_feature_runtime.py","Competition foundation; range-level statement only; no competition-specific empirical evidence claimed","NOT ESTABLISHED BY THIS MATRIX; verify separately"
"FEAT-068","EPIC-14","Competition performance capture","P2","LATER","FEAT-066","RUNTIME-CONTRACT","KAIZO-75-FEATURE-QUALITY-CLOSURE-MATRIX-V1.md; backend/feature_runtime.py; backend/test_feature_runtime.py","Competition foundation; range-level statement only; no competition-specific empirical evidence claimed","NOT ESTABLISHED BY THIS MATRIX; verify separately"
"FEAT-069","EPIC-14","Competition trend analysis","P2","LATER","FEAT-068, FEAT-039","RUNTIME-CONTRACT","KAIZO-75-FEATURE-QUALITY-CLOSURE-MATRIX-V1.md; backend/feature_runtime.py; backend/test_feature_runtime.py","Competition foundation; range-level statement only; no competition-specific empirical evidence claimed","NOT ESTABLISHED BY THIS MATRIX; verify separately"
"FEAT-070","EPIC-14","Competition-informed next decision","P2","LATER","FEAT-069, FEAT-040","RUNTIME-CONTRACT","KAIZO-75-FEATURE-QUALITY-CLOSURE-MATRIX-V1.md; backend/feature_runtime.py; backend/test_feature_runtime.py","Competition foundation; range-level statement only; no competition-specific empirical evidence claimed","NOT ESTABLISHED BY THIS MATRIX; verify separately"
"FEAT-071","EPIC-15","Athlete progress report","P1","NEXT","FEAT-038, FEAT-039","RUNTIME-CONTRACT","KAIZO-75-FEATURE-QUALITY-CLOSURE-MATRIX-V1.md; backend/feature_runtime.py; backend/test_feature_runtime.py","Reporting foundation; range-level statement only; no polished customer UI/production proof claimed","NOT ESTABLISHED BY THIS MATRIX; verify separately"
"FEAT-072","EPIC-15","KPI trend report","P1","NEXT","FEAT-013, FEAT-039","RUNTIME-CONTRACT","KAIZO-75-FEATURE-QUALITY-CLOSURE-MATRIX-V1.md; backend/feature_runtime.py; backend/test_feature_runtime.py","Reporting foundation; range-level statement only; no polished customer UI/production proof claimed","NOT ESTABLISHED BY THIS MATRIX; verify separately"
"FEAT-073","EPIC-15","Coach performance summary","P1","NEXT","FEAT-071","RUNTIME-CONTRACT","KAIZO-75-FEATURE-QUALITY-CLOSURE-MATRIX-V1.md; backend/feature_runtime.py; backend/test_feature_runtime.py","Reporting foundation; range-level statement only; no polished customer UI/production proof claimed","NOT ESTABLISHED BY THIS MATRIX; verify separately"
"FEAT-074","EPIC-15","Academy performance dashboard","P1","NEXT","FEAT-061, FEAT-072","RUNTIME-CONTRACT","KAIZO-75-FEATURE-QUALITY-CLOSURE-MATRIX-V1.md; backend/feature_runtime.py; backend/test_feature_runtime.py","Reporting foundation; range-level statement only; no polished customer UI/production proof claimed","NOT ESTABLISHED BY THIS MATRIX; verify separately"
"FEAT-075","EPIC-15","Approved-data reporting export","P1","NEXT","FEAT-071, FEAT-054","RUNTIME-CONTRACT","KAIZO-75-FEATURE-QUALITY-CLOSURE-MATRIX-V1.md; backend/feature_runtime.py; backend/test_feature_runtime.py","Reporting foundation; range-level statement only; no polished customer UI/production proof claimed","NOT ESTABLISHED BY THIS MATRIX; verify separately"
